<?xml version="1.0" encoding="UTF-8"?>
<project-private xmlns="http://www.netbeans.org/ns/project-private/1">
    <editor-bookmarks xmlns="http://www.netbeans.org/ns/editor-bookmarks/1"/>
    <editor-bookmarks xmlns="http://www.netbeans.org/ns/editor-bookmarks/2" lastBookmarkId="0"/>
    <open-files xmlns="http://www.netbeans.org/ns/projectui-open-files/2">
        <group>
            <file>file:/C:/Users/Ed/Documents/GitHub/Logistics_Application/Examples/ImplExample/src/example/common/TruckImplFactory.java</file>
            <file>file:/C:/Users/Ed/Documents/GitHub/Logistics_Application/Examples/ImplExample/src/example/movement/Movable.java</file>
            <file>file:/C:/Users/Ed/Documents/GitHub/Logistics_Application/Examples/ImplExample/src/example/location/LocatableImpl.java</file>
            <file>file:/C:/Users/Ed/Documents/GitHub/Logistics_Application/Examples/ImplExample/src/example/location/Locatable.java</file>
            <file>file:/C:/Users/Ed/Documents/GitHub/Logistics_Application/Examples/ImplExample/src/example/movement/MovableImpl.java</file>
        </group>
    </open-files>
</project-private>
